<annotation>
	<folder>cardboard</folder>
	<filename>cardboard 94.jpg</filename>
	<path>D:\Pg_Project\WasteManagement\DatasetWasteManagement\TrashBox\TrashBox_train_dataset_subfolders\cardboard\cardboard 94.jpg</path>
	<source>
		<database>Unknown</database>
	</source>
	<size>
		<width>720</width>
		<height>480</height>
		<depth>3</depth>
	</size>
	<segmented>0</segmented>
	<object>
		<name>cardboard</name>
		<pose>Unspecified</pose>
		<truncated>0</truncated>
		<difficult>0</difficult>
		<bndbox>
			<xmin>21</xmin>
			<ymin>126</ymin>
			<xmax>407</xmax>
			<ymax>448</ymax>
		</bndbox>
	</object>
	<object>
		<name>cardboard</name>
		<pose>Unspecified</pose>
		<truncated>0</truncated>
		<difficult>0</difficult>
		<bndbox>
			<xmin>430</xmin>
			<ymin>35</ymin>
			<xmax>675</xmax>
			<ymax>273</ymax>
		</bndbox>
	</object>
	<object>
		<name>cardboard</name>
		<pose>Unspecified</pose>
		<truncated>0</truncated>
		<difficult>0</difficult>
		<bndbox>
			<xmin>427</xmin>
			<ymin>240</ymin>
			<xmax>690</xmax>
			<ymax>432</ymax>
		</bndbox>
	</object>
</annotation>
