<annotation>
	<folder>cardboard</folder>
	<filename>cardboard 4.jpg</filename>
	<path>D:\Pg_Project\WasteManagement\DatasetWasteManagement\TrashBox\TrashBox_train_dataset_subfolders\cardboard\cardboard 4.jpg</path>
	<source>
		<database>Unknown</database>
	</source>
	<size>
		<width>2997</width>
		<height>3402</height>
		<depth>3</depth>
	</size>
	<segmented>0</segmented>
	<object>
		<name>cardboard</name>
		<pose>Unspecified</pose>
		<truncated>1</truncated>
		<difficult>0</difficult>
		<bndbox>
			<xmin>19</xmin>
			<ymin>395</ymin>
			<xmax>2988</xmax>
			<ymax>3402</ymax>
		</bndbox>
	</object>
</annotation>
