<annotation>
	<folder>cardboard</folder>
	<filename>cardboard 1.jpg</filename>
	<path>D:\Pg_Project\WasteManagement\DatasetWasteManagement\TrashBox\TrashBox_train_dataset_subfolders\cardboard\cardboard 1.jpg</path>
	<source>
		<database>Unknown</database>
	</source>
	<size>
		<width>613</width>
		<height>613</height>
		<depth>3</depth>
	</size>
	<segmented>0</segmented>
	<object>
		<name>cardboard</name>
		<pose>Unspecified</pose>
		<truncated>1</truncated>
		<difficult>0</difficult>
		<bndbox>
			<xmin>16</xmin>
			<ymin>429</ymin>
			<xmax>540</xmax>
			<ymax>613</ymax>
		</bndbox>
	</object>
	<object>
		<name>glass</name>
		<pose>Unspecified</pose>
		<truncated>0</truncated>
		<difficult>0</difficult>
		<bndbox>
			<xmin>109</xmin>
			<ymin>314</ymin>
			<xmax>329</xmax>
			<ymax>412</ymax>
		</bndbox>
	</object>
	<object>
		<name>cardboard</name>
		<pose>Unspecified</pose>
		<truncated>0</truncated>
		<difficult>0</difficult>
		<bndbox>
			<xmin>228</xmin>
			<ymin>212</ymin>
			<xmax>552</xmax>
			<ymax>366</ymax>
		</bndbox>
	</object>
</annotation>
