<annotation>
	<folder>cardboard</folder>
	<filename>cardboard 112.jpg</filename>
	<path>D:\Pg_Project\WasteManagement\DatasetWasteManagement\TrashBox\TrashBox_train_dataset_subfolders\cardboard\cardboard 112.jpg</path>
	<source>
		<database>Unknown</database>
	</source>
	<size>
		<width>737</width>
		<height>1106</height>
		<depth>3</depth>
	</size>
	<segmented>0</segmented>
	<object>
		<name>cardboard</name>
		<pose>Unspecified</pose>
		<truncated>0</truncated>
		<difficult>0</difficult>
		<bndbox>
			<xmin>225</xmin>
			<ymin>419</ymin>
			<xmax>545</xmax>
			<ymax>771</ymax>
		</bndbox>
	</object>
</annotation>
