<annotation>
	<folder>cardboard</folder>
	<filename>cardboard 28.jpg</filename>
	<path>D:\Pg_Project\WasteManagement\DatasetWasteManagement\TrashBox\TrashBox_train_dataset_subfolders\cardboard\cardboard 28.jpg</path>
	<source>
		<database>Unknown</database>
	</source>
	<size>
		<width>3006</width>
		<height>3630</height>
		<depth>3</depth>
	</size>
	<segmented>0</segmented>
	<object>
		<name>cardboard</name>
		<pose>Unspecified</pose>
		<truncated>0</truncated>
		<difficult>0</difficult>
		<bndbox>
			<xmin>9</xmin>
			<ymin>225</ymin>
			<xmax>3005</xmax>
			<ymax>3125</ymax>
		</bndbox>
	</object>
</annotation>
