<annotation>
	<folder>electronic chips</folder>
	<filename>electronic_chip 50.jpg</filename>
	<path>D:\Pg_Project\WasteManagement\DatasetWasteManagement\TrashBox\TrashBox_train_dataset_subfolders\e-waste\electronic chips\electronic_chip 50.jpg</path>
	<source>
		<database>Unknown</database>
	</source>
	<size>
		<width>720</width>
		<height>339</height>
		<depth>3</depth>
	</size>
	<segmented>0</segmented>
	<object>
		<name>electrical</name>
		<pose>Unspecified</pose>
		<truncated>1</truncated>
		<difficult>0</difficult>
		<bndbox>
			<xmin>73</xmin>
			<ymin>1</ymin>
			<xmax>182</xmax>
			<ymax>184</ymax>
		</bndbox>
	</object>
	<object>
		<name>electrical</name>
		<pose>Unspecified</pose>
		<truncated>1</truncated>
		<difficult>0</difficult>
		<bndbox>
			<xmin>49</xmin>
			<ymin>188</ymin>
			<xmax>176</xmax>
			<ymax>339</ymax>
		</bndbox>
	</object>
	<object>
		<name>electrical</name>
		<pose>Unspecified</pose>
		<truncated>1</truncated>
		<difficult>0</difficult>
		<bndbox>
			<xmin>185</xmin>
			<ymin>188</ymin>
			<xmax>321</xmax>
			<ymax>339</ymax>
		</bndbox>
	</object>
	<object>
		<name>electrical</name>
		<pose>Unspecified</pose>
		<truncated>0</truncated>
		<difficult>0</difficult>
		<bndbox>
			<xmin>421</xmin>
			<ymin>3</ymin>
			<xmax>685</xmax>
			<ymax>337</ymax>
		</bndbox>
	</object>
</annotation>
