<annotation>
	<folder>electronic chips</folder>
	<filename>electronic_chip 37.jpg</filename>
	<path>D:\Pg_Project\WasteManagement\DatasetWasteManagement\TrashBox\TrashBox_train_dataset_subfolders\e-waste\electronic chips\electronic_chip 37.jpg</path>
	<source>
		<database>Unknown</database>
	</source>
	<size>
		<width>1300</width>
		<height>956</height>
		<depth>3</depth>
	</size>
	<segmented>0</segmented>
	<object>
		<name>electrical</name>
		<pose>Unspecified</pose>
		<truncated>0</truncated>
		<difficult>0</difficult>
		<bndbox>
			<xmin>6</xmin>
			<ymin>294</ymin>
			<xmax>467</xmax>
			<ymax>707</ymax>
		</bndbox>
	</object>
</annotation>
