<annotation>
	<folder>electrical cables</folder>
	<filename>electrical_cables 4.jpg</filename>
	<path>D:\Pg_Project\WasteManagement\DatasetWasteManagement\TrashBox\TrashBox_train_dataset_subfolders\e-waste\electrical cables\electrical_cables 4.jpg</path>
	<source>
		<database>Unknown</database>
	</source>
	<size>
		<width>360</width>
		<height>308</height>
		<depth>3</depth>
	</size>
	<segmented>0</segmented>
	<object>
		<name>electrical</name>
		<pose>Unspecified</pose>
		<truncated>0</truncated>
		<difficult>0</difficult>
		<bndbox>
			<xmin>161</xmin>
			<ymin>172</ymin>
			<xmax>259</xmax>
			<ymax>304</ymax>
		</bndbox>
	</object>
	<object>
		<name>electrical</name>
		<pose>Unspecified</pose>
		<truncated>0</truncated>
		<difficult>0</difficult>
		<bndbox>
			<xmin>266</xmin>
			<ymin>170</ymin>
			<xmax>359</xmax>
			<ymax>302</ymax>
		</bndbox>
	</object>
	<object>
		<name>electrical</name>
		<pose>Unspecified</pose>
		<truncated>0</truncated>
		<difficult>0</difficult>
		<bndbox>
			<xmin>16</xmin>
			<ymin>176</ymin>
			<xmax>131</xmax>
			<ymax>293</ymax>
		</bndbox>
	</object>
	<object>
		<name>electrical</name>
		<pose>Unspecified</pose>
		<truncated>1</truncated>
		<difficult>0</difficult>
		<bndbox>
			<xmin>1</xmin>
			<ymin>31</ymin>
			<xmax>114</xmax>
			<ymax>132</ymax>
		</bndbox>
	</object>
	<object>
		<name>electrical</name>
		<pose>Unspecified</pose>
		<truncated>0</truncated>
		<difficult>0</difficult>
		<bndbox>
			<xmin>208</xmin>
			<ymin>50</ymin>
			<xmax>345</xmax>
			<ymax>162</ymax>
		</bndbox>
	</object>
</annotation>
