<annotation>
	<folder>electronic chips</folder>
	<filename>electronic_chip 22.jpg</filename>
	<path>D:\Pg_Project\WasteManagement\DatasetWasteManagement\TrashBox\TrashBox_train_dataset_subfolders\e-waste\electronic chips\electronic_chip 22.jpg</path>
	<source>
		<database>Unknown</database>
	</source>
	<size>
		<width>1024</width>
		<height>1365</height>
		<depth>3</depth>
	</size>
	<segmented>0</segmented>
	<object>
		<name>electrical</name>
		<pose>Unspecified</pose>
		<truncated>1</truncated>
		<difficult>0</difficult>
		<bndbox>
			<xmin>9</xmin>
			<ymin>639</ymin>
			<xmax>1024</xmax>
			<ymax>1150</ymax>
		</bndbox>
	</object>
	<object>
		<name>electrical</name>
		<pose>Unspecified</pose>
		<truncated>0</truncated>
		<difficult>0</difficult>
		<bndbox>
			<xmin>323</xmin>
			<ymin>460</ymin>
			<xmax>567</xmax>
			<ymax>730</ymax>
		</bndbox>
	</object>
</annotation>
