<annotation>
	<folder>electronic chips</folder>
	<filename>electronic_chip 69.jpg</filename>
	<path>D:\Pg_Project\WasteManagement\DatasetWasteManagement\TrashBox\TrashBox_train_dataset_subfolders\e-waste\electronic chips\electronic_chip 69.jpg</path>
	<source>
		<database>Unknown</database>
	</source>
	<size>
		<width>1118</width>
		<height>652</height>
		<depth>3</depth>
	</size>
	<segmented>0</segmented>
	<object>
		<name>electrical</name>
		<pose>Unspecified</pose>
		<truncated>0</truncated>
		<difficult>0</difficult>
		<bndbox>
			<xmin>157</xmin>
			<ymin>262</ymin>
			<xmax>468</xmax>
			<ymax>550</ymax>
		</bndbox>
	</object>
	<object>
		<name>electrical</name>
		<pose>Unspecified</pose>
		<truncated>1</truncated>
		<difficult>0</difficult>
		<bndbox>
			<xmin>322</xmin>
			<ymin>1</ymin>
			<xmax>717</xmax>
			<ymax>201</ymax>
		</bndbox>
	</object>
	<object>
		<name>electrical</name>
		<pose>Unspecified</pose>
		<truncated>1</truncated>
		<difficult>0</difficult>
		<bndbox>
			<xmin>504</xmin>
			<ymin>382</ymin>
			<xmax>999</xmax>
			<ymax>652</ymax>
		</bndbox>
	</object>
</annotation>
