<annotation>
	<folder>electrical cables</folder>
	<filename>electrical_cables 1.jpg</filename>
	<path>D:\Pg_Project\WasteManagement\DatasetWasteManagement\TrashBox\TrashBox_train_dataset_subfolders\e-waste\electrical cables\electrical_cables 1.jpg</path>
	<source>
		<database>Unknown</database>
	</source>
	<size>
		<width>450</width>
		<height>272</height>
		<depth>3</depth>
	</size>
	<segmented>0</segmented>
	<object>
		<name>electrical</name>
		<pose>Unspecified</pose>
		<truncated>0</truncated>
		<difficult>0</difficult>
		<bndbox>
			<xmin>6</xmin>
			<ymin>150</ymin>
			<xmax>413</xmax>
			<ymax>259</ymax>
		</bndbox>
	</object>
	<object>
		<name>electrical</name>
		<pose>Unspecified</pose>
		<truncated>0</truncated>
		<difficult>0</difficult>
		<bndbox>
			<xmin>56</xmin>
			<ymin>60</ymin>
			<xmax>149</xmax>
			<ymax>144</ymax>
		</bndbox>
	</object>
	<object>
		<name>electrical</name>
		<pose>Unspecified</pose>
		<truncated>0</truncated>
		<difficult>0</difficult>
		<bndbox>
			<xmin>230</xmin>
			<ymin>46</ymin>
			<xmax>313</xmax>
			<ymax>104</ymax>
		</bndbox>
	</object>
	<object>
		<name>electrical</name>
		<pose>Unspecified</pose>
		<truncated>0</truncated>
		<difficult>0</difficult>
		<bndbox>
			<xmin>287</xmin>
			<ymin>72</ymin>
			<xmax>362</xmax>
			<ymax>138</ymax>
		</bndbox>
	</object>
	<object>
		<name>electrical</name>
		<pose>Unspecified</pose>
		<truncated>0</truncated>
		<difficult>0</difficult>
		<bndbox>
			<xmin>136</xmin>
			<ymin>13</ymin>
			<xmax>206</xmax>
			<ymax>109</ymax>
		</bndbox>
	</object>
</annotation>
