<annotation>
	<folder>electrical cables</folder>
	<filename>electrical_cables 48.jpg</filename>
	<path>D:\Pg_Project\WasteManagement\DatasetWasteManagement\TrashBox\TrashBox_train_dataset_subfolders\e-waste\electrical cables\electrical_cables 48.jpg</path>
	<source>
		<database>Unknown</database>
	</source>
	<size>
		<width>300</width>
		<height>225</height>
		<depth>3</depth>
	</size>
	<segmented>0</segmented>
	<object>
		<name>electrical</name>
		<pose>Unspecified</pose>
		<truncated>0</truncated>
		<difficult>0</difficult>
		<bndbox>
			<xmin>4</xmin>
			<ymin>54</ymin>
			<xmax>190</xmax>
			<ymax>211</ymax>
		</bndbox>
	</object>
	<object>
		<name>electrical</name>
		<pose>Unspecified</pose>
		<truncated>1</truncated>
		<difficult>0</difficult>
		<bndbox>
			<xmin>139</xmin>
			<ymin>20</ymin>
			<xmax>300</xmax>
			<ymax>167</ymax>
		</bndbox>
	</object>
</annotation>
